id,iso3,country,title,summary,event_type,severity_unit,severity_value,source,from_date,to_date,link,geo_lat,geo_long,gdacs_bbox
#event+id,#country+code,#country+name,#meta+title,#meta+summary,#event+type,#event+severity+unit,#event+severity+value,#meta+source,#date+start,#date+end,#meta+link,#geo+lat,#geo+lon,#geo+bbox
EQ1505042,PHL,Philippines,'Green earthquake alert (Magnitude 5.5M, Depth:43.143km) in Philippines 14/10/2025 02:00 UTC, 670 thousand in MMI IV.','On 10/14/2025 2:00:11 AM, an earthquake occurred in Philippines potentially affecting 670 thousand in MMI IV. The earthquake had Magnitude 5.5M, Depth:43.143km.',Earthquake,M,5.5,Joint Research Center of the European Commission,'Tue, 14 Oct 2025 02:00:11 GMT','Tue, 14 Oct 2025 02:00:11 GMT',https://www.gdacs.org/report.aspx?eventtype=EQ&eventid=1505042,7.3466,127.2027,123.2027 131.2027 3.3466 11.3466
EQ1504929,FSM,Micronesia,'Green earthquake alert (Magnitude 5.9M, Depth:10km) in Micronesia 13/10/2025 11:11 UTC, 3 thousand in MMI IV.','On 10/13/2025 11:11:00 AM, an earthquake occurred in Micronesia potentially affecting 3 thousand in MMI IV. The earthquake had Magnitude 5.9M, Depth:10km.',Earthquake,M,5.9,Joint Research Center of the European Commission,'Mon, 13 Oct 2025 11:11:00 GMT','Mon, 13 Oct 2025 11:11:00 GMT',https://www.gdacs.org/report.aspx?eventtype=EQ&eventid=1504929,7.2482,141.6049,137.6049 145.6049 3.2482 11.2482
TC1001227,,,Green alert for tropical cyclone LORENZO-25. Population affected by Category 1 (120 km/h) wind speeds or higher is 0  (0 in Tropical Storm).,'From 13/10/2025 to 14/10/2025, a Tropical Storm (maximum wind speed of 111 km/h) LORENZO-25 was active in Atlantic. The cyclone affects these countries: [unknown] (vulnerability [unknown]). Estimated population affected by category 1 (120 km/h) wind speeds or higher is 0  (0 in tropical storm).',Tropical Cyclone,km/h,111.1104,Joint Research Center of the European Commission,'Mon, 13 Oct 2025 09:00:00 GMT','Tue, 14 Oct 2025 03:00:00 GMT',https://www.gdacs.org/report.aspx?eventtype=TC&eventid=1001227,16.2,-42.8,-52.0858813664024 -26.0858813664024 9.31083815302133 35.3108381530213
EQ1504861,RUS,Russia,'Green earthquake alert (Magnitude 5.6M, Depth:10km) in Russia 13/10/2025 01:10 UTC, 2 thousand in MMI&>=III.','On 10/13/2025 1:10:10 AM, an earthquake occurred in Russia potentially affecting 2 thousand in MMI&>=III. The earthquake had Magnitude 5.6M, Depth:10km.',Earthquake,M,5.6,Joint Research Center of the European Commission,'Mon, 13 Oct 2025 01:10:10 GMT','Mon, 13 Oct 2025 01:10:10 GMT',https://www.gdacs.org/report.aspx?eventtype=EQ&eventid=1504861,48.9057,154.8053,150.8053 158.8053 44.9057 52.9057
EQ1504796,PHL,Philippines,'Orange earthquake alert (Magnitude 5.7M, Depth:10km) in Philippines 12/10/2025 17:05 UTC, 110 thousand (in MMI>=VII).','On 10/12/2025 5:05:59 PM, an earthquake occurred in Philippines potentially affecting 110 thousand (in MMI>=VII). The earthquake had Magnitude 5.7M, Depth:10km.',Earthquake,M,5.7,Joint Research Center of the European Commission,'Sun, 12 Oct 2025 17:05:59 GMT','Sun, 12 Oct 2025 17:05:59 GMT',https://www.gdacs.org/report.aspx?eventtype=EQ&eventid=1504796,10.9457,123.9375,119.9375 127.9375 6.9457 14.9457
FL1103558,COL,Colombia,Green flood alert in Colombia,'On 12/10/2025, a flood started in Colombia, lasting until 14/10/2025 (last update). The flood caused 0 deaths and 100 displaced .',Flood,,0,Joint Research Center of the European Commission,'Sun, 12 Oct 2025 01:00:00 GMT','Tue, 14 Oct 2025 01:00:00 GMT',https://www.gdacs.org/report.aspx?eventtype=FL&eventid=1103558,7.0673313,-73.852562699999993,-77.8525627 -69.8525627 3.0673313 11.0673313
EQ1504616,ETH,Ethiopia,'Orange earthquake alert (Magnitude 5.6M, Depth:10km) in Ethiopia 11/10/2025 16:18 UTC, 10 thousand (in MMI>=VII).','On 10/11/2025 4:18:25 PM, an earthquake occurred in Ethiopia potentially affecting 10 thousand (in MMI>=VII). The earthquake had Magnitude 5.6M, Depth:10km.',Earthquake,M,5.6,Joint Research Center of the European Commission,'Sat, 11 Oct 2025 16:18:25 GMT','Sat, 11 Oct 2025 16:18:25 GMT',https://www.gdacs.org/report.aspx?eventtype=EQ&eventid=1504616,13.7902,39.8663,35.8663 43.8663 9.7902 17.7902
EQ1504594,PHL,Philippines,'Green earthquake alert (Magnitude 6M, Depth:59.326km) in Philippines 11/10/2025 14:32 UTC, 250 thousand in MMI V.','On 10/11/2025 2:32:58 PM, an earthquake occurred in Philippines potentially affecting 250 thousand in MMI V. The earthquake had Magnitude 6M, Depth:59.326km.',Earthquake,M,6,Joint Research Center of the European Commission,'Sat, 11 Oct 2025 14:32:58 GMT','Sat, 11 Oct 2025 14:32:58 GMT',https://www.gdacs.org/report.aspx?eventtype=EQ&eventid=1504594,8.92,126.3963,122.3963 130.3963 4.92 12.92
EQ1504583,,South Sandwich Islands Region,'Green earthquake alert (Magnitude 5.5M, Depth:54.706km) in South Sandwich Islands Region 11/10/2025 13:08 UTC, [unknown].','On 10/11/2025 1:08:00 PM, an earthquake occurred in South Sandwich Islands Region potentially affecting [unknown]. The earthquake had Magnitude 5.5M, Depth:54.706km.',Earthquake,M,5.5,Joint Research Center of the European Commission,'Sat, 11 Oct 2025 13:08:00 GMT','Sat, 11 Oct 2025 13:08:00 GMT',https://www.gdacs.org/report.aspx?eventtype=EQ&eventid=1504583,-56.3773,-26.5568,-30.5568 -22.5568 -60.3773 -52.3773
EQ1504572,RUS,Russia,'Green earthquake alert (Magnitude 5.8M, Depth:76.024km) in Russia 11/10/2025 12:25 UTC, 2 thousand in MMI IV.','On 10/11/2025 12:25:59 PM, an earthquake occurred in Russia potentially affecting 2 thousand in MMI IV. The earthquake had Magnitude 5.8M, Depth:76.024km.',Earthquake,M,5.8,Joint Research Center of the European Commission,'Sat, 11 Oct 2025 12:25:59 GMT','Sat, 11 Oct 2025 12:25:59 GMT',https://www.gdacs.org/report.aspx?eventtype=EQ&eventid=1504572,50.3263,156.6974,152.6974 160.6974 46.3263 54.3263
EQ1504551,PHL,Philippines,'Green earthquake alert (Magnitude 5.5M, Depth:60.094km) in Philippines 11/10/2025 10:27 UTC, 1.4 million in MMI IV.','On 10/11/2025 10:27:23 AM, an earthquake occurred in Philippines potentially affecting 1.4 million in MMI IV. The earthquake had Magnitude 5.5M, Depth:60.094km.',Earthquake,M,5.5,Joint Research Center of the European Commission,'Sat, 11 Oct 2025 10:27:23 GMT','Sat, 11 Oct 2025 10:27:23 GMT',https://www.gdacs.org/report.aspx?eventtype=EQ&eventid=1504551,7.2713,126.798,122.798 130.798 3.2713 11.2713
EQ1504466,,Drake Passage,'Green earthquake alert (Magnitude 5.7M, Depth:10km) in Drake Passage 10/10/2025 21:28 UTC, [unknown].','On 10/10/2025 9:28:42 PM, an earthquake occurred in Drake Passage potentially affecting [unknown]. The earthquake had Magnitude 5.7M, Depth:10km.',Earthquake,M,5.7,Joint Research Center of the European Commission,'Fri, 10 Oct 2025 21:28:42 GMT','Fri, 10 Oct 2025 21:28:42 GMT',https://www.gdacs.org/report.aspx?eventtype=EQ&eventid=1504466,-60.0413,-62.3553,-66.3553 -58.3553 -64.0413 -56.0413
EQ1504458,CHL,Chile,'Green earthquake alert (Magnitude 7.6M, Depth:8.794km) in Chile 10/10/2025 20:29 UTC, Few people affected in MMI III.','On 10/10/2025 8:29:20 PM, an earthquake occurred in Chile potentially affecting Few people affected in MMI III. The earthquake had Magnitude 7.6M, Depth:8.794km.',Earthquake,M,7.6,Joint Research Center of the European Commission,'Fri, 10 Oct 2025 20:29:20 GMT','Fri, 10 Oct 2025 20:29:20 GMT',https://www.gdacs.org/report.aspx?eventtype=EQ&eventid=1504458,-60.1958,-61.799,-65.799 -57.799 -64.1958 -56.1958
EQ1504360,RUS,Russia,'Green earthquake alert (Magnitude 5.6M, Depth:76.347km) in Russia 10/10/2025 11:16 UTC, 2 thousand in MMI IV.','On 10/10/2025 11:16:02 AM, an earthquake occurred in Russia potentially affecting 2 thousand in MMI IV. The earthquake had Magnitude 5.6M, Depth:76.347km.',Earthquake,M,5.6,Joint Research Center of the European Commission,'Fri, 10 Oct 2025 11:16:02 GMT','Fri, 10 Oct 2025 11:16:02 GMT',https://www.gdacs.org/report.aspx?eventtype=EQ&eventid=1504360,50.3802,156.5204,152.5204 160.5204 46.3802 54.3802
EQ1504359,PHL,Philippines,'Green earthquake alert (Magnitude 6.7M, Depth:61.184km) in Philippines 10/10/2025 11:12 UTC, 40 thousand in MMI VI.','On 10/10/2025 11:12:07 AM, an earthquake occurred in Philippines potentially affecting 40 thousand in MMI VI. The earthquake had Magnitude 6.7M, Depth:61.184km.',Earthquake,M,6.7,Joint Research Center of the European Commission,'Fri, 10 Oct 2025 11:12:07 GMT','Fri, 10 Oct 2025 11:12:07 GMT',https://www.gdacs.org/report.aspx?eventtype=EQ&eventid=1504359,7.1716,126.7553,122.7553 130.7553 3.1716 11.1716
EQ1504344,IDN,Indonesia,'Green earthquake alert (Magnitude 5.5M, Depth:158.185km) in Indonesia 10/10/2025 10:02 UTC, 100 thousand in MMI III.','On 10/10/2025 10:02:51 AM, an earthquake occurred in Indonesia potentially affecting 100 thousand in MMI III. The earthquake had Magnitude 5.5M, Depth:158.185km.',Earthquake,M,5.5,Joint Research Center of the European Commission,'Fri, 10 Oct 2025 10:02:51 GMT','Fri, 10 Oct 2025 10:02:51 GMT',https://www.gdacs.org/report.aspx?eventtype=EQ&eventid=1504344,-6.9375,129.544,125.544 133.544 -10.9375 -2.9375
EQ1504340,FSM,Micronesia,'Green earthquake alert (Magnitude 5.6M, Depth:10km) in Micronesia 10/10/2025 09:43 UTC, 1 thousand in MMI&>=II.','On 10/10/2025 9:43:40 AM, an earthquake occurred in Micronesia potentially affecting 1 thousand in MMI&>=II. The earthquake had Magnitude 5.6M, Depth:10km.',Earthquake,M,5.6,Joint Research Center of the European Commission,'Fri, 10 Oct 2025 09:43:40 GMT','Fri, 10 Oct 2025 09:43:40 GMT',https://www.gdacs.org/report.aspx?eventtype=EQ&eventid=1504340,11.4553,141.5675,137.5675 145.5675 7.4553 15.4553
EQ1504282,PHL,Philippines,'Green earthquake alert (Magnitude 5.5M, Depth:67.729km) in Philippines 10/10/2025 03:32 UTC, 810 thousand in MMI IV.','On 10/10/2025 3:32:15 AM, an earthquake occurred in Philippines potentially affecting 810 thousand in MMI IV. The earthquake had Magnitude 5.5M, Depth:67.729km.',Earthquake,M,5.5,Joint Research Center of the European Commission,'Fri, 10 Oct 2025 03:32:15 GMT','Fri, 10 Oct 2025 03:32:15 GMT',https://www.gdacs.org/report.aspx?eventtype=EQ&eventid=1504282,7.0638,126.8218,122.8218 130.8218 3.0638 11.0638
TC1001226,,,Green alert for tropical cyclone KAREN-25. Population affected by Category 1 (120 km/h) wind speeds or higher is 0  (0 in Tropical Storm).,'From 10/10/2025 to 10/10/2025, a Tropical Storm (maximum wind speed of 74 km/h) KAREN-25 was active in Atlantic. The cyclone affects these countries: [unknown] (vulnerability [unknown]). Estimated population affected by category 1 (120 km/h) wind speeds or higher is 0  (0 in tropical storm).',Tropical Cyclone,km/h,74.0736,Joint Research Center of the European Commission,'Fri, 10 Oct 2025 03:00:00 GMT','Fri, 10 Oct 2025 21:00:00 GMT',https://www.gdacs.org/report.aspx?eventtype=TC&eventid=1001226,47.5,-30.2,-42.8440011672059 -16.8440011672059 35.6115561943371 61.6115561943371
EQ1504271,PHL,Philippines,'Green earthquake alert (Magnitude 5.6M, Depth:63.461km) in Philippines 10/10/2025 02:11 UTC, 250 thousand in MMI IV.','On 10/10/2025 2:11:44 AM, an earthquake occurred in Philippines potentially affecting 250 thousand in MMI IV. The earthquake had Magnitude 5.6M, Depth:63.461km.',Earthquake,M,5.6,Joint Research Center of the European Commission,'Fri, 10 Oct 2025 02:11:44 GMT','Fri, 10 Oct 2025 02:11:44 GMT',https://www.gdacs.org/report.aspx?eventtype=EQ&eventid=1504271,6.9947,126.7969,122.7969 130.7969 2.9947 10.9947
EQ1504270,PNG,Papua New Guinea,'Green earthquake alert (Magnitude 6.3M, Depth:10km) in Papua New Guinea 10/10/2025 02:08 UTC, 2 thousand in MMI V.','On 10/10/2025 2:08:10 AM, an earthquake occurred in Papua New Guinea potentially affecting 2 thousand in MMI V. The earthquake had Magnitude 6.3M, Depth:10km.',Earthquake,M,6.3,Joint Research Center of the European Commission,'Fri, 10 Oct 2025 02:08:10 GMT','Fri, 10 Oct 2025 02:08:10 GMT',https://www.gdacs.org/report.aspx?eventtype=EQ&eventid=1504270,-3.0262,147.9689,143.9689 151.9689 -7.0262 0.9738
EQ1504269,PHL,Philippines,'Green earthquake alert (Magnitude 5.9M, Depth:61.636km) in Philippines 10/10/2025 01:51 UTC, 2.9 million in MMI IV.','On 10/10/2025 1:51:15 AM, an earthquake occurred in Philippines potentially affecting 2.9 million in MMI IV. The earthquake had Magnitude 5.9M, Depth:61.636km.',Earthquake,M,5.9,Joint Research Center of the European Commission,'Fri, 10 Oct 2025 01:51:15 GMT','Fri, 10 Oct 2025 01:51:15 GMT',https://www.gdacs.org/report.aspx?eventtype=EQ&eventid=1504269,7.1014,126.8879,122.8879 130.8879 3.1014 11.1014
EQ1504268,PHL,Philippines,'Orange earthquake alert (Magnitude 7.4M, Depth:58.087km) in Philippines 10/10/2025 01:43 UTC, 610 thousand (in MMI>=VII).','On 10/10/2025 1:43:59 AM, an earthquake occurred in Philippines potentially affecting 610 thousand (in MMI>=VII). The earthquake had Magnitude 7.4M, Depth:58.087km.',Earthquake,M,7.4,Joint Research Center of the European Commission,'Fri, 10 Oct 2025 01:43:59 GMT','Fri, 10 Oct 2025 01:43:59 GMT',https://www.gdacs.org/report.aspx?eventtype=EQ&eventid=1504268,7.2649,126.7545,122.7545 130.7545 3.2649 11.2649
TC1001225,MEX,Mexico,Green alert for tropical cyclone RAYMOND-25. Population affected by Category 1 (120 km/h) wind speeds or higher is 0  (0 in Tropical Storm).,'From 09/10/2025 to 12/10/2025, a Tropical Depression (maximum wind speed of 93 km/h) RAYMOND-25 was active in EastPacific. The cyclone affects these countries: Mexico (vulnerability Medium). Estimated population affected by category 1 (120 km/h) wind speeds or higher is 0  (0 in tropical storm).',Tropical Cyclone,km/h,92.592,Joint Research Center of the European Commission,'Thu, 09 Oct 2025 15:00:00 GMT','Sun, 12 Oct 2025 03:00:00 GMT',https://www.gdacs.org/report.aspx?eventtype=TC&eventid=1001225,22.9,-110,-120.110837003539 -94.1108370035394 6.75864157330466 32.7586415733047
FL1103556,ESP,Spain,Green flood alert in Spain,'On 09/10/2025, a flood started in Spain, lasting until 11/10/2025 (last update). The flood caused 0 deaths and 0 displaced .',Flood,,0,Joint Research Center of the European Commission,'Thu, 09 Oct 2025 01:00:00 GMT','Sat, 11 Oct 2025 01:00:00 GMT',https://www.gdacs.org/report.aspx?eventtype=FL&eventid=1103556,37.9775416,-0.6828446,-4.6828446 3.3171554 33.9775416 41.9775416
FL1103557,FRA,France,Green flood alert in France,'On 09/10/2025, a flood started in France, lasting until 11/10/2025 (last update). The flood caused 1 deaths and 0 displaced .',Flood,,0,Joint Research Center of the European Commission,'Thu, 09 Oct 2025 01:00:00 GMT','Sat, 11 Oct 2025 01:00:00 GMT',https://www.gdacs.org/report.aspx?eventtype=FL&eventid=1103557,16.3316709,-61.3476233,-65.3476233 -57.3476233 12.3316709 20.3316709
TC1001224,JPN,Japan,Green alert for tropical cyclone NAKRI-25. Population affected by Category 1 (120 km/h) wind speeds or higher is 0  (0 in Tropical Storm).,'From 08/10/2025 to 14/10/2025, a Tropical Storm (maximum wind speed of 139 km/h) NAKRI-25 was active in NWPacific. The cyclone affects these countries: Japan (vulnerability Low). Estimated population affected by category 1 (120 km/h) wind speeds or higher is 0  (0 in tropical storm).',Tropical Cyclone,km/h,138.888,Joint Research Center of the European Commission,'Wed, 08 Oct 2025 06:00:00 GMT','Tue, 14 Oct 2025 00:00:00 GMT',https://www.gdacs.org/report.aspx?eventtype=TC&eventid=1001224,34.9,151,135.72590173722 161.72590173722 20.0572401214961 46.0572401214961
TC1001223,MSR,'Antigua and Barbuda, Montserrat, Anguilla, Virgin Islands  British, Virgin Islands  U.S., Saint Kitts and Nevis, Guadeloupe, Dominica, Martinique',Green alert for tropical cyclone JERRY-25. Population affected by Category 1 (120 km/h) wind speeds or higher is 0  (0 in Tropical Storm).,'From 07/10/2025 to 11/10/2025, a Tropical Storm (maximum wind speed of 102 km/h) JERRY-25 was active in Atlantic. The cyclone affects these countries: Antigua and Barbuda, Montserrat, Anguilla, Virgin Islands  British, Virgin Islands  U.S., Saint Kitts and Nevis, Guadeloupe, Dominica, Martinique (vulnerability High). Estimated population affected by category 1 (120 km/h) wind speeds or higher is 0  (0 in tropical storm).',Tropical Cyclone,km/h,101.8512,Joint Research Center of the European Commission,'Tue, 07 Oct 2025 15:00:00 GMT','Sat, 11 Oct 2025 21:00:00 GMT',https://www.gdacs.org/report.aspx?eventtype=TC&eventid=1001223,27.6,-63.6,-71.1999710677491 -45.1999710677491 6.23359458802966 32.2335945880297
TC1001222,MEX,Mexico,Green alert for tropical cyclone PRISCILLA-25. Population affected by Category 1 (120 km/h) wind speeds or higher is 0  (0 in Tropical Storm).,'From 04/10/2025 to 10/10/2025, a Tropical Depression (maximum wind speed of 176 km/h) PRISCILLA-25 was active in EastPacific. The cyclone affects these countries: Mexico (vulnerability Medium). Estimated population affected by category 1 (120 km/h) wind speeds or higher is 0  (0 in tropical storm).',Tropical Cyclone,km/h,175.9248,Joint Research Center of the European Commission,'Sat, 04 Oct 2025 21:00:00 GMT','Fri, 10 Oct 2025 21:00:00 GMT',https://www.gdacs.org/report.aspx?eventtype=TC&eventid=1001222,26.3,-115.4,-123.413544024838 -97.4135440248384 6.96234419669683 32.9623441966968
FL1103500,USA,United States,Green flood alert in United States,'On 12/09/2025, a flood started in United States, lasting until 13/10/2025 (last update). The flood caused 12 deaths and 9411 displaced .',Flood,,0,Joint Research Center of the European Commission,'Fri, 12 Sep 2025 01:00:00 GMT','Mon, 13 Oct 2025 01:00:00 GMT',https://www.gdacs.org/report.aspx?eventtype=FL&eventid=1103500,33.4674695,-112.3842224,-116.3842224 -108.3842224 29.4674695 37.4674695
FL1103494,IDN,Indonesia,Green flood alert in Indonesia,'On 09/09/2025, a flood started in Indonesia, lasting until 12/10/2025 (last update). The flood caused 65 deaths and 1363 displaced .',Flood,,0,Joint Research Center of the European Commission,'Tue, 09 Sep 2025 01:00:00 GMT','Sun, 12 Oct 2025 01:00:00 GMT',https://www.gdacs.org/report.aspx?eventtype=FL&eventid=1103494,-2.8553556,133.4738171,129.4738171 137.4738171 -6.8553556 1.1446444
DR1018093,USA,United States,Drought is on going in United States,The  Drought alert level is Green.,Drought,km2,48544,Joint Research Center of the European Commission,'Thu, 21 Aug 2025 00:00:00 GMT','Sat, 11 Oct 2025 00:00:00 GMT',https://www.gdacs.org/report.aspx?eventtype=DR&eventid=1018093,38.294,-92.505,-96.505 -88.505 34.294 42.294
DR1018091,ESP,'Spain, Portugal','Drought is on going in Spain, Portugal',The  Drought alert level is Green.,Drought,km2,48413,Joint Research Center of the European Commission,'Mon, 21 Jul 2025 00:00:00 GMT','Sat, 11 Oct 2025 00:00:00 GMT',https://www.gdacs.org/report.aspx?eventtype=DR&eventid=1018091,42.602,-7.575,-11.575 -3.575 38.602 46.602
DR1018004,CHL,Chile,Drought is on going in Chile,The  Drought alert level is Green.,Drought,km2,66490,Joint Research Center of the European Commission,'Sat, 21 Jun 2025 00:00:00 GMT','Sat, 11 Oct 2025 00:00:00 GMT',https://www.gdacs.org/report.aspx?eventtype=DR&eventid=1018004,-38.93,-72.862,-76.862 -68.862 -42.93 -34.93
DR1017944,COD,'Democratic Republic of Congo, Central African Republic, Sudan, South Sudan','Drought is on going in Democratic Republic of Congo, Central African Republic, Sudan, South Sudan',The  Drought alert level is Green.,Drought,km2,182790,Joint Research Center of the European Commission,'Sat, 21 Jun 2025 00:00:00 GMT','Sat, 11 Oct 2025 00:00:00 GMT',https://www.gdacs.org/report.aspx?eventtype=DR&eventid=1017944,6.941,28.084,24.084 32.084 2.941 10.941
DR1017933,USA,United States,Drought is on going in United States,The  Drought alert level is Green.,Drought,km2,25596,Joint Research Center of the European Commission,'Wed, 21 May 2025 00:00:00 GMT','Sat, 11 Oct 2025 00:00:00 GMT',https://www.gdacs.org/report.aspx?eventtype=DR&eventid=1017933,46.491,-117.191,-121.191 -113.191 42.491 50.491
DR1017922,CHN,'China, Kazakhstan, Mongolia, Russia','Drought is on going in China, Kazakhstan, Mongolia, Russia',The  Drought alert level is Orange.,Drought,km2,344592,Joint Research Center of the European Commission,'Wed, 21 May 2025 00:00:00 GMT','Sat, 11 Oct 2025 00:00:00 GMT',https://www.gdacs.org/report.aspx?eventtype=DR&eventid=1017922,48.815,95.124,91.124 99.124 44.815 52.815
DR1017863,ETH,'Ethiopia, Somalia','Drought is on going in Ethiopia, Somalia',The  Drought alert level is Orange.,Drought,km2,96916,Joint Research Center of the European Commission,'Mon, 21 Apr 2025 00:00:00 GMT','Sat, 11 Oct 2025 00:00:00 GMT',https://www.gdacs.org/report.aspx?eventtype=DR&eventid=1017863,1.64,43.398,39.398 47.398 -2.36 5.64
DR1017904,BHS,'The Bahamas, Costa Rica, Cuba, Mexico, Nicaragua','Drought is on going in The Bahamas, Costa Rica, Cuba, Mexico, Nicaragua',The  Drought alert level is Green.,Drought,km2,166696,Joint Research Center of the European Commission,'Fri, 21 Mar 2025 00:00:00 GMT','Sat, 11 Oct 2025 00:00:00 GMT',https://www.gdacs.org/report.aspx?eventtype=DR&eventid=1017904,18.369,-92.748,-96.748 -88.748 14.369 22.369
DR1018001,CAN,Canada,Drought is on going in Canada,The  Drought alert level is Green.,Drought,km2,89762,Joint Research Center of the European Commission,'Fri, 21 Feb 2025 00:00:00 GMT','Sat, 11 Oct 2025 00:00:00 GMT',https://www.gdacs.org/report.aspx?eventtype=DR&eventid=1018001,54.66,-111.601,-115.601 -107.601 50.66 58.66
DR1016963,MEX,'Mexico, United States','Drought is on going in Mexico, United States',The  Drought alert level is Orange.,Drought,km2,286264,Joint Research Center of the European Commission,'Fri, 21 Feb 2025 00:00:00 GMT','Sat, 11 Oct 2025 00:00:00 GMT',https://www.gdacs.org/report.aspx?eventtype=DR&eventid=1016963,33.465,-110.305,-114.305 -106.305 29.465 37.465
DR1017644,BTN,'Bhutan, China, India, Nepal','Drought is on going in Bhutan, China, India, Nepal',The  Drought alert level is Green.,Drought,km2,87583,Joint Research Center of the European Commission,'Tue, 21 Jan 2025 00:00:00 GMT','Sat, 11 Oct 2025 00:00:00 GMT',https://www.gdacs.org/report.aspx?eventtype=DR&eventid=1017644,27.507,88.368,84.368 92.368 23.507 31.507
DR1017869,AUS,Australia,Drought is on going in Australia,The  Drought alert level is Green.,Drought,km2,29878,Joint Research Center of the European Commission,'Tue, 21 Jan 2025 00:00:00 GMT','Sat, 11 Oct 2025 00:00:00 GMT',https://www.gdacs.org/report.aspx?eventtype=DR&eventid=1017869,-33.654,138.556,134.556 142.556 -37.654 -29.654
DR1017535,ARM,'Armenia, Azerbaijan, China, Islamic Republic of Iran, Kyrgyzstan, Kazakhstan, Russia, Syria, Tajikistan, Turkmenistan, Türkiye, Uzbekistan','Drought is on going in Armenia, Azerbaijan, China, Islamic Republic of Iran, Kyrgyzstan, Kazakhstan, Russia, Syria, Tajikistan, Turkmenistan, Türkiye, Uzbekistan',The  Drought alert level is Orange.,Drought,km2,700989,Joint Research Center of the European Commission,'Mon, 21 Oct 2024 00:00:00 GMT','Sat, 11 Oct 2025 00:00:00 GMT',https://www.gdacs.org/report.aspx?eventtype=DR&eventid=1017535,42.044,61.046,57.046 65.046 38.044 46.044
DR1017051,AUT,'Austria, Bosnia & Herzegovina, Bulgaria, Georgia, Greece, Croatia, Hungary, Moldova, Montenegro, The Republic of North Macedonia, Romania, Serbia, Russia, Slovenia, Slovakia, Türkiye, Ukraine','Drought is on going in Austria, Bosnia & Herzegovina, Bulgaria, Georgia, Greece, Croatia, Hungary, Moldova, Montenegro, The Republic of North Macedonia, Romania, Serbia, Russia, Slovenia, Slovakia, Türkiye, Ukraine',The  Drought alert level is Orange.,Drought,km2,1011546,Joint Research Center of the European Commission,'Thu, 21 Mar 2024 00:00:00 GMT','Sat, 11 Oct 2025 00:00:00 GMT',https://www.gdacs.org/report.aspx?eventtype=DR&eventid=1017051,44.955,27.598,23.598 31.598 40.955 48.955
DR1016995,BFA,'Burkina Faso, Benin, Cote d'Ivoire, Cameroon, Ghana, Guinea, Liberia, Nigeria, Togo','Drought is on going in Burkina Faso, Benin, Cote d'Ivoire, Cameroon, Ghana, Guinea, Liberia, Nigeria, Togo',The  Drought alert level is Green.,Drought,km2,695152,Joint Research Center of the European Commission,'Wed, 21 Feb 2024 00:00:00 GMT','Sat, 11 Oct 2025 00:00:00 GMT',https://www.gdacs.org/report.aspx?eventtype=DR&eventid=1016995,7.763,6.577,2.577 10.577 3.763 11.763
DR1016833,MDG,Madagascar,Drought is on going in Madagascar,The  Drought alert level is Green.,Drought,km2,118318,Joint Research Center of the European Commission,'Sat, 21 Oct 2023 00:00:00 GMT','Sat, 11 Oct 2025 00:00:00 GMT',https://www.gdacs.org/report.aspx?eventtype=DR&eventid=1016833,-15.449,48.784,44.784 52.784 -19.449 -11.449
DR1016401,BEL,'Belgium, Germany, Finland, France, Luxembourg, Netherlands, Norway, Sweden,','Drought is on going in Belgium, Germany, Finland, France, Luxembourg, Netherlands, Norway, Sweden,',The  Drought alert level is Green.,Drought,km2,185604,Joint Research Center of the European Commission,'Sun, 21 May 2023 00:00:00 GMT','Sat, 11 Oct 2025 00:00:00 GMT',https://www.gdacs.org/report.aspx?eventtype=DR&eventid=1016401,52.869,6.912,2.912 10.912 48.869 56.869
DR1016449,BOL,'Bolivia, Brazil, Peru','Drought is on going in Bolivia, Brazil, Peru',The  Drought alert level is Orange.,Drought,km2,503430,Joint Research Center of the European Commission,'Wed, 21 Sep 2022 00:00:00 GMT','Sat, 11 Oct 2025 00:00:00 GMT',https://www.gdacs.org/report.aspx?eventtype=DR&eventid=1016449,-8.137,-56.55,-60.55 -52.55 -12.137 -4.137
